order_id,customer_id,order_date,status
1,81,10/24/2025,Cancelled
2,13,9/21/2025,Completed
3,17,11/16/2025,Pending
4,65,11/26/2025,Completed
5,17,10/9/2025,Pending
6,72,10/29/2025,Completed
7,80,11/18/2025,Completed
8,21,10/26/2025,Completed
9,39,9/21/2025,Completed
10,81,10/29/2025,Completed
11,34,10/28/2025,Completed
12,72,12/7/2025,Pending
13,20,9/28/2025,Cancelled
14,3,11/16/2025,Completed
15,96,10/16/2025,Completed
16,5,10/24/2025,Completed
17,77,11/6/2025,Completed
18,68,9/21/2025,Completed
19,7,11/29/2025,Cancelled
20,63,10/6/2025,Completed
21,16,10/15/2025,Completed
22,40,11/27/2025,Completed
23,44,11/1/2025,Completed
24,55,11/4/2025,Completed
25,56,10/1/2025,Completed
26,81,10/11/2025,Completed
27,2,10/25/2025,Pending
28,40,10/16/2025,Completed
29,6,11/26/2025,Completed
30,85,11/15/2025,Completed
31,57,10/31/2025,Completed
32,40,10/14/2025,Completed
33,15,10/1/2025,Pending
34,3,12/12/2025,Completed
35,41,9/17/2025,Pending
36,33,10/18/2025,Completed
37,68,12/1/2025,Completed
38,11,11/4/2025,Completed
39,7,10/3/2025,Completed
40,10,11/16/2025,Completed
41,77,12/12/2025,Completed
42,59,11/30/2025,Cancelled
43,2,11/22/2025,Completed
44,94,11/3/2025,Completed
45,4,10/15/2025,Pending
46,78,11/9/2025,Completed
47,3,9/24/2025,Completed
48,70,10/12/2025,Completed
49,33,9/21/2025,Completed
50,88,12/10/2025,Completed
51,44,10/9/2025,Completed
52,32,10/10/2025,Pending
53,30,9/16/2025,Completed
54,29,9/18/2025,Cancelled
55,68,9/23/2025,Completed
56,37,9/25/2025,Completed
57,98,11/24/2025,Completed
58,39,10/12/2025,Cancelled
59,48,11/20/2025,Pending
60,48,10/9/2025,Completed
61,21,10/28/2025,Completed
62,71,11/5/2025,Completed
63,29,11/17/2025,Pending
64,81,12/2/2025,Completed
65,28,10/25/2025,Completed
66,44,11/30/2025,Completed
67,49,10/2/2025,Completed
68,94,11/23/2025,Completed
69,78,10/13/2025,Completed
70,9,9/23/2025,Pending
71,99,10/10/2025,Completed
72,14,9/16/2025,Completed
73,70,10/29/2025,Cancelled
74,73,12/6/2025,Cancelled
75,71,9/16/2025,Completed
76,67,10/30/2025,Cancelled
77,100,9/25/2025,Pending
78,12,10/18/2025,Cancelled
79,58,12/9/2025,Cancelled
80,86,9/30/2025,Completed
81,64,10/26/2025,Cancelled
82,72,9/28/2025,Pending
83,93,9/27/2025,Completed
84,83,9/28/2025,Pending
85,87,11/9/2025,Completed
86,100,11/23/2025,Completed
87,1,10/20/2025,Completed
88,48,11/18/2025,Pending
89,21,10/8/2025,Completed
90,93,10/27/2025,Completed
91,35,9/26/2025,Cancelled
92,80,11/17/2025,Completed
93,80,11/1/2025,Cancelled
94,23,10/22/2025,Cancelled
95,58,9/19/2025,Completed
96,28,10/12/2025,Pending
97,87,10/18/2025,Completed
98,89,11/7/2025,Completed
99,48,12/3/2025,Pending
100,72,9/28/2025,Completed
101,71,10/13/2025,Completed
102,13,10/3/2025,Completed
103,94,11/14/2025,Completed
104,75,10/31/2025,Completed
105,56,12/12/2025,Cancelled
106,70,11/4/2025,Pending
107,62,12/12/2025,Pending
108,53,11/17/2025,Cancelled
109,19,11/29/2025,Completed
110,95,9/25/2025,Cancelled
111,56,11/23/2025,Pending
112,96,10/9/2025,Completed
113,30,10/23/2025,Completed
114,28,10/9/2025,Cancelled
115,9,11/19/2025,Completed
116,36,11/2/2025,Cancelled
117,93,9/16/2025,Pending
118,70,12/12/2025,Cancelled
119,72,11/13/2025,Pending
120,15,10/10/2025,Cancelled
121,3,11/28/2025,Completed
122,55,10/2/2025,Pending
123,26,11/14/2025,Completed
124,20,9/27/2025,Completed
125,25,10/26/2025,Pending
126,61,10/13/2025,Completed
127,91,11/27/2025,Pending
128,84,11/24/2025,Completed
129,1,12/12/2025,Pending
130,51,9/28/2025,Completed
131,56,10/5/2025,Cancelled
132,76,9/27/2025,Completed
133,4,10/27/2025,Pending
134,19,11/27/2025,Completed
135,30,12/8/2025,Completed
136,89,9/28/2025,Pending
137,61,11/19/2025,Cancelled
138,80,10/8/2025,Completed
139,45,10/6/2025,Pending
140,83,10/28/2025,Completed
141,77,11/19/2025,Completed
142,11,11/13/2025,Completed
143,70,11/1/2025,Cancelled
144,70,11/26/2025,Pending
145,5,11/10/2025,Completed
146,80,10/21/2025,Cancelled
147,82,9/27/2025,Pending
148,18,12/6/2025,Completed
149,33,12/11/2025,Pending
150,63,9/14/2025,Completed
151,100,10/23/2025,Completed
152,23,10/23/2025,Cancelled
153,3,12/1/2025,Pending
154,23,9/28/2025,Completed
155,91,10/19/2025,Completed
156,99,10/5/2025,Completed
157,31,10/24/2025,Completed
158,50,12/12/2025,Completed
159,19,9/23/2025,Completed
160,57,10/29/2025,Completed
161,68,10/11/2025,Completed
162,50,12/6/2025,Completed
163,14,10/20/2025,Completed
164,82,11/9/2025,Completed
165,29,12/5/2025,Cancelled
166,50,11/14/2025,Completed
167,38,10/25/2025,Completed
168,99,11/12/2025,Cancelled
169,56,10/26/2025,Completed
170,67,10/21/2025,Completed
171,8,9/18/2025,Completed
172,82,10/31/2025,Pending
173,88,10/21/2025,Completed
174,35,9/20/2025,Completed
175,10,11/23/2025,Pending
176,58,12/9/2025,Completed
177,74,11/15/2025,Completed
178,82,12/5/2025,Completed
179,27,9/27/2025,Cancelled
180,77,9/19/2025,Completed
181,17,10/17/2025,Completed
182,45,9/28/2025,Pending
183,82,10/2/2025,Completed
184,64,10/16/2025,Completed
185,64,11/14/2025,Completed
186,61,11/7/2025,Cancelled
187,72,10/30/2025,Completed
188,47,10/12/2025,Completed
189,62,10/18/2025,Completed
190,96,11/27/2025,Completed
191,41,11/22/2025,Completed
192,59,9/18/2025,Pending
193,28,10/16/2025,Completed
194,31,11/20/2025,Cancelled
195,81,11/16/2025,Completed
196,3,11/11/2025,Cancelled
197,65,10/24/2025,Completed
198,24,10/29/2025,Cancelled
199,22,11/25/2025,Completed
200,38,12/7/2025,Cancelled
201,78,10/3/2025,Pending
202,39,11/3/2025,Pending
203,60,11/24/2025,Cancelled
204,32,9/17/2025,Completed
205,41,9/28/2025,Cancelled
206,13,12/8/2025,Completed
207,58,9/21/2025,Cancelled
208,61,11/1/2025,Pending
209,4,11/8/2025,Completed
210,86,10/31/2025,Completed
211,57,12/7/2025,Pending
212,40,11/21/2025,Completed
213,57,9/24/2025,Cancelled
214,37,11/11/2025,Completed
215,96,9/30/2025,Completed
216,86,9/26/2025,Pending
217,78,10/17/2025,Completed
218,79,11/7/2025,Completed
219,96,10/4/2025,Completed
220,23,11/8/2025,Completed
221,90,9/21/2025,Completed
222,49,10/10/2025,Cancelled
223,32,11/23/2025,Completed
224,69,10/15/2025,Completed
225,60,12/11/2025,Pending
226,76,11/14/2025,Completed
227,13,11/16/2025,Completed
228,46,9/28/2025,Completed
229,96,10/13/2025,Pending
230,27,9/21/2025,Completed
231,95,11/28/2025,Pending
232,3,10/15/2025,Pending
233,62,9/23/2025,Completed
234,62,9/29/2025,Completed
235,86,12/8/2025,Completed
236,95,11/18/2025,Completed
237,3,12/3/2025,Pending
238,8,10/13/2025,Completed
239,91,11/29/2025,Pending
240,19,10/4/2025,Pending
241,16,11/21/2025,Completed
242,28,12/4/2025,Completed
243,82,10/8/2025,Completed
244,8,12/12/2025,Pending
245,10,11/3/2025,Pending
246,41,9/15/2025,Pending
247,94,11/20/2025,Completed
248,50,11/23/2025,Completed
249,28,9/20/2025,Pending
250,100,9/16/2025,Cancelled
251,37,11/23/2025,Cancelled
252,77,12/10/2025,Pending
253,40,10/13/2025,Completed
254,11,10/13/2025,Cancelled
255,85,12/7/2025,Pending
256,25,10/8/2025,Completed
257,91,11/22/2025,Completed
258,72,11/4/2025,Pending
259,65,9/23/2025,Pending
260,89,11/26/2025,Cancelled
261,27,12/12/2025,Completed
262,54,9/30/2025,Completed
263,88,11/21/2025,Completed
264,78,11/5/2025,Pending
265,92,9/25/2025,Completed
266,89,11/6/2025,Pending
267,85,11/27/2025,Cancelled
268,3,9/25/2025,Pending
269,47,10/16/2025,Pending
270,85,10/16/2025,Cancelled
271,65,10/5/2025,Cancelled
272,99,11/1/2025,Completed
273,62,11/22/2025,Completed
274,29,11/25/2025,Cancelled
275,21,10/21/2025,Completed
276,52,11/27/2025,Cancelled
277,70,9/24/2025,Completed
278,4,12/7/2025,Completed
279,19,11/26/2025,Pending
280,95,10/10/2025,Completed
281,46,12/8/2025,Completed
282,25,11/5/2025,Completed
283,21,10/17/2025,Pending
284,52,9/20/2025,Completed
285,90,12/6/2025,Completed
286,5,10/23/2025,Completed
287,24,11/10/2025,Completed
288,34,10/2/2025,Completed
289,69,12/6/2025,Completed
290,68,10/6/2025,Cancelled
291,53,11/24/2025,Completed
292,14,10/17/2025,Completed
293,77,10/5/2025,Completed
294,64,10/14/2025,Pending
295,26,9/23/2025,Pending
296,71,10/2/2025,Pending
297,54,9/17/2025,Pending
298,29,11/18/2025,Completed
299,19,10/13/2025,Completed
300,47,10/10/2025,Completed
301,19,11/2/2025,Completed
302,41,10/22/2025,Completed
303,69,11/17/2025,Completed
304,52,11/29/2025,Pending
305,48,10/25/2025,Pending
306,70,12/11/2025,Completed
307,96,9/19/2025,Completed
308,54,10/21/2025,Completed
309,21,10/2/2025,Completed
310,29,12/11/2025,Cancelled
311,14,10/6/2025,Completed
312,51,9/25/2025,Cancelled
313,12,9/29/2025,Pending
314,47,10/30/2025,Cancelled
315,10,10/16/2025,Completed
316,70,9/14/2025,Completed
317,40,9/22/2025,Completed
318,74,12/12/2025,Pending
319,75,12/1/2025,Completed
320,21,11/13/2025,Completed
321,100,11/18/2025,Pending
322,21,9/14/2025,Completed
323,95,9/16/2025,Pending
324,23,11/29/2025,Cancelled
325,70,9/25/2025,Pending
326,8,9/24/2025,Cancelled
327,33,10/24/2025,Completed
328,36,10/24/2025,Pending
329,80,9/17/2025,Completed
330,95,11/29/2025,Completed
331,64,10/13/2025,Completed
332,68,10/14/2025,Cancelled
333,12,10/6/2025,Pending
334,3,10/20/2025,Pending
335,75,9/14/2025,Completed
336,25,12/6/2025,Pending
337,19,10/13/2025,Completed
338,20,10/6/2025,Cancelled
339,83,10/21/2025,Completed
340,45,12/4/2025,Completed
341,34,10/26/2025,Completed
342,60,12/9/2025,Completed
343,4,11/26/2025,Completed
344,20,11/6/2025,Completed
345,65,10/30/2025,Completed
346,23,9/22/2025,Cancelled
347,52,12/7/2025,Completed
348,69,10/28/2025,Pending
349,30,11/24/2025,Cancelled
350,37,12/3/2025,Completed
351,83,10/29/2025,Completed
352,35,12/11/2025,Pending
353,29,10/10/2025,Completed
354,94,12/3/2025,Pending
355,16,11/5/2025,Cancelled
356,76,10/10/2025,Pending
357,8,10/5/2025,Completed
358,13,11/3/2025,Completed
359,85,11/16/2025,Completed
360,91,9/15/2025,Completed
361,60,9/16/2025,Completed
362,96,11/17/2025,Completed
363,70,12/11/2025,Completed
364,44,9/21/2025,Pending
365,92,10/16/2025,Completed
366,7,10/30/2025,Completed
367,8,10/11/2025,Completed
368,77,12/3/2025,Pending
369,44,11/8/2025,Cancelled
370,92,11/19/2025,Completed
371,18,10/6/2025,Completed
372,28,9/27/2025,Cancelled
373,59,9/25/2025,Completed
374,52,9/30/2025,Cancelled
375,67,11/1/2025,Cancelled
376,57,10/4/2025,Cancelled
377,10,9/17/2025,Completed
378,37,10/26/2025,Completed
379,79,12/2/2025,Completed
380,84,11/16/2025,Completed
381,55,12/3/2025,Completed
382,20,12/2/2025,Pending
383,56,10/19/2025,Completed
384,58,10/14/2025,Cancelled
385,74,9/23/2025,Completed
386,95,11/15/2025,Completed
387,67,12/12/2025,Completed
388,65,11/3/2025,Completed
389,27,9/15/2025,Completed
390,87,10/8/2025,Completed
391,35,9/25/2025,Completed
392,76,12/3/2025,Completed
393,47,10/27/2025,Completed
394,28,11/18/2025,Completed
395,49,9/20/2025,Completed
396,90,11/7/2025,Pending
397,78,10/11/2025,Completed
398,7,10/12/2025,Completed
399,52,9/17/2025,Completed
400,63,12/7/2025,Completed
401,50,12/9/2025,Completed
402,78,9/18/2025,Pending
403,97,9/30/2025,Pending
404,63,11/16/2025,Pending
405,22,10/4/2025,Pending
406,24,12/8/2025,Completed
407,85,9/28/2025,Completed
408,13,10/8/2025,Completed
409,65,11/7/2025,Completed
410,80,10/8/2025,Pending
411,90,11/30/2025,Completed
412,90,12/2/2025,Completed
413,90,10/28/2025,Completed
414,32,11/21/2025,Completed
415,72,11/20/2025,Completed
416,5,11/1/2025,Completed
417,85,12/2/2025,Pending
418,51,10/29/2025,Pending
419,21,11/10/2025,Cancelled
420,73,11/9/2025,Pending
421,9,12/11/2025,Completed
422,36,10/13/2025,Cancelled
423,67,9/19/2025,Completed
424,42,12/10/2025,Pending
425,31,9/26/2025,Completed
426,31,11/11/2025,Cancelled
427,24,11/2/2025,Pending
428,58,11/14/2025,Cancelled
429,85,12/7/2025,Pending
430,39,12/11/2025,Completed
431,5,9/29/2025,Completed
432,57,11/18/2025,Completed
433,11,10/13/2025,Completed
434,92,11/5/2025,Completed
435,72,11/14/2025,Cancelled
436,28,11/16/2025,Cancelled
437,66,9/17/2025,Completed
438,29,10/22/2025,Pending
439,57,11/10/2025,Completed
440,68,9/16/2025,Completed
441,54,12/9/2025,Completed
442,67,10/30/2025,Completed
443,25,11/6/2025,Completed
444,52,9/22/2025,Completed
445,59,12/4/2025,Pending
446,89,11/30/2025,Cancelled
447,15,11/30/2025,Cancelled
448,42,10/10/2025,Pending
449,79,11/19/2025,Completed
450,95,9/24/2025,Pending
451,68,12/6/2025,Completed
452,87,9/23/2025,Completed
453,96,11/14/2025,Cancelled
454,70,9/25/2025,Completed
455,50,11/18/2025,Pending
456,11,11/30/2025,Pending
457,18,12/8/2025,Pending
458,30,11/11/2025,Completed
459,70,10/3/2025,Cancelled
460,24,10/28/2025,Completed
461,36,10/22/2025,Pending
462,1,11/2/2025,Completed
463,68,11/2/2025,Pending
464,1,11/22/2025,Completed
465,82,12/12/2025,Completed
466,15,10/5/2025,Completed
467,94,11/2/2025,Cancelled
468,81,10/21/2025,Completed
469,41,12/7/2025,Pending
470,90,10/6/2025,Completed
471,5,10/26/2025,Completed
472,95,11/26/2025,Cancelled
473,1,10/14/2025,Completed
474,92,10/25/2025,Cancelled
475,18,9/25/2025,Completed
476,43,9/14/2025,Pending
477,70,11/24/2025,Pending
478,46,10/9/2025,Cancelled
479,42,9/14/2025,Pending
480,34,9/27/2025,Cancelled
481,73,11/11/2025,Pending
482,69,11/15/2025,Completed
483,19,10/15/2025,Cancelled
484,17,10/26/2025,Completed
485,3,11/14/2025,Pending
486,8,10/28/2025,Pending
487,100,9/18/2025,Pending
488,5,11/6/2025,Pending
489,6,11/24/2025,Completed
490,98,10/17/2025,Completed
491,7,9/15/2025,Completed
492,32,10/28/2025,Completed
493,79,9/25/2025,Completed
494,47,9/17/2025,Completed
495,87,11/5/2025,Completed
496,93,12/8/2025,Pending
497,59,10/19/2025,Completed
498,79,10/15/2025,Pending
499,97,12/9/2025,Completed
500,11,11/24/2025,Completed
501,28,11/27/2025,Completed
502,77,11/26/2025,Completed
503,88,11/20/2025,Completed
504,67,11/28/2025,Completed
505,39,9/14/2025,Pending
506,46,10/20/2025,Completed
507,23,10/8/2025,Completed
508,37,10/5/2025,Pending
509,31,11/8/2025,Completed
510,9,9/22/2025,Cancelled
511,10,12/12/2025,Completed
512,8,9/25/2025,Pending
513,42,10/20/2025,Cancelled
514,59,9/15/2025,Pending
515,21,10/12/2025,Cancelled
516,97,12/5/2025,Pending
517,79,12/1/2025,Cancelled
518,12,9/28/2025,Cancelled
519,88,9/17/2025,Completed
520,40,10/25/2025,Pending
521,66,10/17/2025,Completed
522,58,10/9/2025,Pending
523,46,10/23/2025,Cancelled
524,2,11/18/2025,Completed
525,94,10/31/2025,Completed
526,86,11/8/2025,Completed
527,23,9/22/2025,Cancelled
528,9,10/29/2025,Completed
529,29,10/25/2025,Completed
530,38,12/11/2025,Completed
531,18,12/10/2025,Completed
532,54,10/22/2025,Cancelled
533,49,12/12/2025,Completed
534,77,11/26/2025,Completed
535,80,12/2/2025,Completed
536,34,10/29/2025,Cancelled
537,77,10/31/2025,Cancelled
538,6,10/16/2025,Completed
539,51,12/2/2025,Cancelled
540,15,10/4/2025,Completed
541,41,11/1/2025,Completed
542,27,9/22/2025,Completed
543,98,11/5/2025,Pending
544,6,9/26/2025,Completed
545,99,11/11/2025,Completed
546,87,11/26/2025,Completed
547,43,11/8/2025,Completed
548,69,9/29/2025,Cancelled
549,30,11/12/2025,Pending
550,94,9/29/2025,Cancelled
551,79,11/2/2025,Completed
552,76,10/14/2025,Cancelled
553,96,12/6/2025,Completed
554,86,9/23/2025,Pending
555,64,10/7/2025,Completed
556,29,10/30/2025,Pending
557,20,10/30/2025,Completed
558,11,10/5/2025,Completed
559,75,12/10/2025,Completed
560,35,9/20/2025,Pending
561,78,10/8/2025,Cancelled
562,53,11/1/2025,Cancelled
563,32,9/15/2025,Completed
564,80,11/17/2025,Pending
565,50,9/18/2025,Completed
566,34,11/26/2025,Pending
567,45,11/11/2025,Completed
568,98,12/8/2025,Cancelled
569,45,11/17/2025,Pending
570,70,12/9/2025,Pending
571,42,10/17/2025,Completed
572,62,11/28/2025,Pending
573,58,10/23/2025,Cancelled
574,6,10/8/2025,Completed
575,20,11/26/2025,Completed
576,46,11/1/2025,Completed
577,17,10/27/2025,Completed
578,37,10/10/2025,Cancelled
579,58,10/16/2025,Cancelled
580,100,10/12/2025,Completed
581,88,9/26/2025,Cancelled
582,20,9/17/2025,Completed
583,24,9/17/2025,Completed
584,45,10/27/2025,Completed
585,62,10/20/2025,Pending
586,89,12/10/2025,Pending
587,32,11/16/2025,Completed
588,42,11/5/2025,Pending
589,14,11/12/2025,Cancelled
590,40,11/29/2025,Completed
591,31,11/30/2025,Completed
592,57,12/1/2025,Cancelled
593,73,11/25/2025,Cancelled
594,75,11/28/2025,Completed
595,49,12/7/2025,Completed
596,46,12/4/2025,Cancelled
597,35,9/25/2025,Cancelled
598,40,10/22/2025,Completed
599,1,10/12/2025,Completed
600,19,10/19/2025,Cancelled
601,89,11/20/2025,Completed
602,28,9/25/2025,Pending
603,67,9/22/2025,Completed
604,45,11/10/2025,Completed
605,76,11/24/2025,Completed
606,78,12/6/2025,Pending
607,96,10/2/2025,Cancelled
608,51,10/28/2025,Cancelled
609,90,11/2/2025,Cancelled
610,73,9/17/2025,Pending
611,37,11/10/2025,Completed
612,44,10/10/2025,Completed
613,47,10/28/2025,Completed
614,31,11/21/2025,Completed
615,99,11/6/2025,Cancelled
616,83,9/24/2025,Completed
617,46,11/22/2025,Completed
618,77,11/14/2025,Cancelled
619,58,11/7/2025,Cancelled
620,85,11/28/2025,Cancelled
621,32,10/4/2025,Cancelled
622,82,12/7/2025,Completed
623,57,11/10/2025,Completed
624,56,11/29/2025,Cancelled
625,34,9/23/2025,Completed
626,43,9/28/2025,Completed
627,4,10/7/2025,Completed
628,68,11/29/2025,Completed
629,58,10/7/2025,Cancelled
630,72,10/13/2025,Cancelled
631,49,10/15/2025,Pending
632,87,10/1/2025,Completed
633,45,11/1/2025,Cancelled
634,4,10/3/2025,Completed
635,56,9/20/2025,Completed
636,11,10/29/2025,Completed
637,46,10/20/2025,Completed
638,52,10/25/2025,Completed
639,95,11/6/2025,Pending
640,10,10/6/2025,Completed
641,2,11/25/2025,Completed
642,59,11/20/2025,Cancelled
643,69,10/6/2025,Pending
644,55,10/29/2025,Completed
645,75,10/27/2025,Completed
646,37,10/3/2025,Completed
647,44,11/9/2025,Pending
648,100,11/13/2025,Completed
649,8,10/22/2025,Completed
650,57,9/17/2025,Completed
651,27,12/3/2025,Completed
652,4,9/16/2025,Cancelled
653,69,11/22/2025,Completed
654,19,11/9/2025,Completed
655,82,10/28/2025,Completed
656,63,10/3/2025,Completed
657,29,9/19/2025,Completed
658,94,9/24/2025,Pending
659,21,11/30/2025,Completed
660,86,11/5/2025,Completed
661,20,10/21/2025,Pending
662,14,11/8/2025,Cancelled
663,87,10/20/2025,Cancelled
664,76,11/1/2025,Pending
665,19,10/25/2025,Completed
666,75,9/20/2025,Completed
667,83,11/10/2025,Cancelled
668,7,12/11/2025,Completed
669,65,9/14/2025,Completed
670,39,10/19/2025,Completed
671,29,12/12/2025,Completed
672,80,10/6/2025,Cancelled
673,13,12/10/2025,Cancelled
674,76,11/28/2025,Completed
675,25,12/4/2025,Pending
676,59,10/10/2025,Completed
677,46,9/26/2025,Cancelled
678,61,10/26/2025,Completed
679,82,12/12/2025,Completed
680,3,11/5/2025,Cancelled
681,6,12/10/2025,Completed
682,77,10/9/2025,Cancelled
683,26,10/28/2025,Completed
684,98,10/18/2025,Completed
685,18,9/28/2025,Pending
686,94,11/14/2025,Completed
687,94,9/16/2025,Pending
688,25,12/10/2025,Completed
689,99,11/13/2025,Completed
690,7,10/1/2025,Completed
691,18,11/9/2025,Completed
692,6,10/7/2025,Pending
693,66,10/27/2025,Completed
694,20,10/2/2025,Completed
695,39,11/13/2025,Cancelled
696,66,11/22/2025,Pending
697,55,11/14/2025,Cancelled
698,34,10/16/2025,Pending
699,51,9/24/2025,Completed
700,29,9/27/2025,Completed
701,62,12/4/2025,Cancelled
702,64,9/29/2025,Completed
703,76,11/17/2025,Completed
704,93,11/23/2025,Completed
705,89,10/3/2025,Cancelled
706,63,10/19/2025,Completed
707,35,11/1/2025,Pending
708,87,12/10/2025,Pending
709,33,10/20/2025,Pending
710,2,11/28/2025,Pending
711,3,9/26/2025,Pending
712,72,11/21/2025,Pending
713,83,11/5/2025,Completed
714,54,11/18/2025,Cancelled
715,93,9/18/2025,Completed
716,6,9/26/2025,Cancelled
717,72,9/26/2025,Cancelled
718,99,11/2/2025,Pending
719,63,10/12/2025,Completed
720,36,9/29/2025,Completed
721,73,11/9/2025,Cancelled
722,44,10/13/2025,Completed
723,76,10/31/2025,Completed
724,74,10/21/2025,Cancelled
725,75,9/22/2025,Completed
726,35,10/2/2025,Completed
727,69,10/31/2025,Completed
728,69,11/7/2025,Completed
729,58,11/21/2025,Completed
730,62,11/11/2025,Completed
731,71,11/5/2025,Completed
732,39,10/20/2025,Completed
733,66,11/7/2025,Completed
734,27,12/8/2025,Cancelled
735,90,11/29/2025,Completed
736,82,10/10/2025,Pending
737,88,12/2/2025,Completed
738,52,11/16/2025,Completed
739,68,11/3/2025,Completed
740,58,10/7/2025,Pending
741,90,12/3/2025,Completed
742,24,11/2/2025,Completed
743,10,11/26/2025,Completed
744,70,11/27/2025,Completed
745,55,9/24/2025,Completed
746,32,12/8/2025,Completed
747,26,9/29/2025,Pending
748,35,11/2/2025,Completed
749,77,10/20/2025,Cancelled
750,13,12/1/2025,Completed
751,47,10/8/2025,Completed
752,78,11/21/2025,Completed
753,40,12/9/2025,Completed
754,86,9/26/2025,Cancelled
755,58,11/3/2025,Completed
756,50,11/11/2025,Completed
757,94,11/19/2025,Cancelled
758,47,9/14/2025,Completed
759,9,10/28/2025,Completed
760,41,10/7/2025,Cancelled
761,73,12/10/2025,Cancelled
762,24,11/20/2025,Cancelled
763,14,10/12/2025,Pending
764,30,11/11/2025,Completed
765,52,11/13/2025,Completed
766,94,9/17/2025,Pending
767,73,11/2/2025,Completed
768,78,9/30/2025,Completed
769,55,10/14/2025,Completed
770,42,10/10/2025,Cancelled
771,93,10/19/2025,Completed
772,100,10/18/2025,Completed
773,88,9/30/2025,Completed
774,96,11/2/2025,Completed
775,100,12/5/2025,Completed
776,8,10/30/2025,Cancelled
777,22,10/31/2025,Cancelled
778,77,10/1/2025,Cancelled
779,95,10/18/2025,Completed
780,95,10/30/2025,Completed
781,29,10/17/2025,Cancelled
782,40,9/24/2025,Completed
783,73,12/3/2025,Cancelled
784,13,11/10/2025,Completed
785,76,10/19/2025,Cancelled
786,97,10/21/2025,Pending
787,50,10/5/2025,Cancelled
788,97,10/16/2025,Pending
789,71,12/6/2025,Completed
790,87,9/29/2025,Completed
791,82,10/26/2025,Cancelled
792,31,11/11/2025,Completed
793,51,10/18/2025,Completed
794,41,10/16/2025,Cancelled
795,4,11/2/2025,Cancelled
796,40,9/20/2025,Cancelled
797,59,9/15/2025,Cancelled
798,83,11/21/2025,Completed
799,77,9/17/2025,Cancelled
800,91,11/10/2025,Completed
801,60,9/14/2025,Completed
802,50,11/6/2025,Completed
803,81,11/15/2025,Pending
804,100,10/1/2025,Completed
805,16,9/19/2025,Completed
806,33,9/23/2025,Completed
807,38,10/1/2025,Cancelled
808,25,9/25/2025,Cancelled
809,38,11/11/2025,Cancelled
810,52,9/24/2025,Completed
811,3,10/5/2025,Completed
812,87,10/22/2025,Cancelled
813,66,11/26/2025,Cancelled
814,60,10/4/2025,Pending
815,18,10/25/2025,Completed
816,46,11/14/2025,Pending
817,11,12/9/2025,Completed
818,22,10/25/2025,Completed
819,97,10/17/2025,Completed
820,48,10/15/2025,Completed
821,100,11/24/2025,Cancelled
822,6,11/22/2025,Cancelled
823,34,12/7/2025,Completed
824,32,9/29/2025,Cancelled
825,7,10/2/2025,Cancelled
826,96,9/22/2025,Completed
827,86,10/17/2025,Completed
828,64,10/19/2025,Completed
829,9,10/5/2025,Completed
830,46,11/26/2025,Cancelled
831,38,12/11/2025,Completed
832,24,10/27/2025,Completed
833,15,11/3/2025,Completed
834,77,10/21/2025,Completed
835,54,9/14/2025,Pending
836,31,12/6/2025,Cancelled
837,58,11/7/2025,Cancelled
838,52,10/11/2025,Completed
839,44,9/30/2025,Pending
840,86,9/27/2025,Completed
841,61,12/2/2025,Completed
842,73,10/7/2025,Completed
843,20,10/1/2025,Cancelled
844,48,10/15/2025,Completed
845,54,10/22/2025,Cancelled
846,66,11/11/2025,Pending
847,91,10/14/2025,Completed
848,55,9/17/2025,Completed
849,78,12/10/2025,Completed
850,99,11/30/2025,Completed
851,25,12/5/2025,Pending
852,15,9/28/2025,Cancelled
853,24,11/4/2025,Cancelled
854,100,10/21/2025,Completed
855,32,12/3/2025,Completed
856,37,10/3/2025,Completed
857,61,11/10/2025,Cancelled
858,34,12/3/2025,Cancelled
859,41,9/30/2025,Completed
860,3,9/26/2025,Completed
861,93,10/16/2025,Completed
862,49,10/3/2025,Pending
863,36,10/5/2025,Pending
864,46,11/27/2025,Completed
865,77,10/17/2025,Completed
866,66,10/21/2025,Pending
867,23,9/28/2025,Completed
868,31,9/15/2025,Completed
869,76,12/1/2025,Cancelled
870,47,11/20/2025,Completed
871,78,9/20/2025,Completed
872,53,11/3/2025,Completed
873,31,12/12/2025,Completed
874,71,10/25/2025,Completed
875,86,11/13/2025,Completed
876,15,10/5/2025,Completed
877,43,9/29/2025,Completed
878,38,11/1/2025,Completed
879,63,10/12/2025,Pending
880,9,9/23/2025,Completed
881,64,10/30/2025,Cancelled
882,79,11/4/2025,Cancelled
883,33,12/11/2025,Completed
884,6,11/4/2025,Completed
885,70,12/10/2025,Completed
886,88,11/12/2025,Completed
887,17,9/21/2025,Completed
888,48,11/27/2025,Completed
889,10,11/28/2025,Completed
890,56,10/4/2025,Completed
891,55,10/12/2025,Completed
892,37,9/25/2025,Cancelled
893,22,11/4/2025,Cancelled
894,64,10/24/2025,Cancelled
895,29,11/21/2025,Completed
896,54,9/17/2025,Pending
897,2,11/8/2025,Completed
898,58,11/30/2025,Completed
899,63,11/5/2025,Cancelled
900,24,12/5/2025,Pending
901,95,12/8/2025,Cancelled
902,8,10/4/2025,Pending
903,88,9/23/2025,Completed
904,80,12/6/2025,Completed
905,45,11/13/2025,Completed
906,81,9/26/2025,Completed
907,64,9/24/2025,Completed
908,51,12/2/2025,Completed
909,54,10/26/2025,Pending
910,11,11/22/2025,Completed
911,35,11/1/2025,Completed
912,57,11/22/2025,Cancelled
913,35,11/24/2025,Completed
914,6,11/26/2025,Completed
915,42,9/14/2025,Completed
916,32,11/15/2025,Completed
917,97,11/18/2025,Cancelled
918,55,10/25/2025,Completed
919,34,9/26/2025,Pending
920,97,10/6/2025,Completed
921,49,10/22/2025,Completed
922,10,10/13/2025,Completed
923,18,10/6/2025,Cancelled
924,63,10/3/2025,Completed
925,63,11/4/2025,Pending
926,46,12/5/2025,Completed
927,23,11/11/2025,Cancelled
928,48,10/3/2025,Completed
929,28,10/27/2025,Completed
930,65,11/17/2025,Cancelled
931,11,9/29/2025,Pending
932,7,10/13/2025,Completed
933,93,11/2/2025,Completed
934,9,10/10/2025,Completed
935,45,11/24/2025,Cancelled
936,18,9/20/2025,Cancelled
937,92,11/4/2025,Cancelled
938,34,12/6/2025,Pending
939,23,9/17/2025,Completed
940,26,9/23/2025,Completed
941,70,9/15/2025,Pending
942,87,11/25/2025,Cancelled
943,18,10/18/2025,Completed
944,91,12/5/2025,Completed
945,11,10/4/2025,Completed
946,19,10/1/2025,Completed
947,70,10/6/2025,Pending
948,51,12/5/2025,Completed
949,91,11/11/2025,Completed
950,39,10/6/2025,Completed
951,56,11/30/2025,Completed
952,37,9/23/2025,Completed
953,28,12/7/2025,Cancelled
954,81,11/25/2025,Completed
955,14,10/12/2025,Completed
956,71,10/21/2025,Completed
957,88,9/24/2025,Cancelled
958,59,9/26/2025,Completed
959,62,12/6/2025,Cancelled
960,33,9/17/2025,Cancelled
961,80,12/2/2025,Completed
962,19,11/20/2025,Completed
963,57,10/30/2025,Completed
964,73,10/14/2025,Pending
965,11,11/28/2025,Completed
966,14,9/24/2025,Cancelled
967,59,11/16/2025,Pending
968,53,9/24/2025,Completed
969,20,10/18/2025,Completed
970,29,11/13/2025,Pending
971,80,11/5/2025,Completed
972,42,12/11/2025,Cancelled
973,12,10/22/2025,Pending
974,54,9/26/2025,Pending
975,91,11/18/2025,Cancelled
976,98,9/16/2025,Completed
977,90,12/6/2025,Completed
978,83,9/18/2025,Pending
979,76,12/6/2025,Completed
980,70,10/20/2025,Completed
981,49,10/24/2025,Completed
982,40,11/8/2025,Completed
983,13,10/30/2025,Completed
984,59,9/24/2025,Pending
985,26,10/9/2025,Pending
986,16,10/13/2025,Pending
987,11,12/6/2025,Completed
988,57,12/4/2025,Completed
989,79,12/6/2025,Completed
990,29,9/21/2025,Pending
991,31,10/4/2025,Cancelled
992,61,10/14/2025,Completed
993,94,11/28/2025,Completed
994,83,12/10/2025,Cancelled
995,36,10/14/2025,Completed
996,28,11/12/2025,Pending
997,35,11/22/2025,Completed
998,71,12/10/2025,Completed
999,73,10/5/2025,Cancelled
1000,44,12/5/2025,Completed
1001,27,11/7/2025,Pending
1002,54,10/22/2025,Pending
1003,1,10/21/2025,Completed
1004,62,10/2/2025,Completed
1005,75,10/7/2025,Completed
1006,24,10/26/2025,Completed
1007,13,10/22/2025,Completed
1008,86,12/10/2025,Completed
1009,23,9/15/2025,Completed
1010,48,11/2/2025,Pending
1011,39,11/10/2025,Completed
1012,32,11/29/2025,Completed
1013,5,10/26/2025,Completed
1014,95,11/22/2025,Cancelled
1015,77,10/5/2025,Completed
1016,36,11/12/2025,Pending
1017,52,9/26/2025,Completed
1018,89,9/29/2025,Pending
1019,2,9/26/2025,Pending
1020,97,12/4/2025,Completed
1021,20,11/30/2025,Completed
1022,36,10/10/2025,Cancelled
1023,61,10/23/2025,Completed
1024,41,10/10/2025,Pending
1025,34,11/8/2025,Completed
1026,1,12/1/2025,Completed
1027,69,11/3/2025,Completed
1028,11,11/20/2025,Completed
1029,42,11/27/2025,Completed
1030,56,11/3/2025,Cancelled
1031,67,10/15/2025,Cancelled
1032,76,9/28/2025,Cancelled
1033,45,9/23/2025,Completed
1034,66,9/23/2025,Cancelled
1035,44,9/16/2025,Cancelled
1036,14,11/27/2025,Completed
1037,66,11/8/2025,Pending
1038,29,9/27/2025,Pending
1039,42,11/8/2025,Completed
1040,94,10/5/2025,Cancelled
1041,27,11/22/2025,Pending
1042,17,10/9/2025,Pending
1043,88,9/26/2025,Completed
1044,92,9/24/2025,Cancelled
1045,64,12/7/2025,Pending
1046,82,10/5/2025,Pending
1047,69,9/23/2025,Pending
1048,34,12/4/2025,Completed
1049,64,10/1/2025,Completed
1050,22,11/17/2025,Cancelled
1051,28,11/2/2025,Completed
1052,87,12/10/2025,Pending
1053,98,10/17/2025,Completed
1054,20,11/29/2025,Completed
1055,55,12/6/2025,Completed
1056,9,12/6/2025,Completed
1057,7,11/28/2025,Completed
1058,38,9/16/2025,Completed
1059,64,10/4/2025,Completed
1060,90,12/12/2025,Completed
1061,84,10/16/2025,Cancelled
1062,52,10/31/2025,Cancelled
1063,93,10/23/2025,Cancelled
1064,92,12/5/2025,Completed
1065,99,10/24/2025,Cancelled
1066,38,10/25/2025,Cancelled
1067,19,12/6/2025,Completed
1068,89,12/7/2025,Cancelled
1069,79,10/31/2025,Cancelled
1070,50,12/3/2025,Pending
1071,3,12/6/2025,Pending
1072,61,11/8/2025,Completed
1073,29,11/9/2025,Completed
1074,53,10/21/2025,Completed
1075,62,12/4/2025,Pending
1076,85,11/3/2025,Completed
1077,8,10/9/2025,Completed
1078,35,11/20/2025,Completed
1079,88,10/1/2025,Completed
1080,85,11/21/2025,Cancelled
1081,30,10/29/2025,Completed
1082,34,10/22/2025,Pending
1083,12,10/6/2025,Completed
1084,90,10/26/2025,Cancelled
1085,53,12/4/2025,Cancelled
1086,22,10/20/2025,Pending
1087,94,11/21/2025,Cancelled
1088,49,10/6/2025,Completed
1089,19,10/21/2025,Completed
1090,52,10/25/2025,Completed
1091,59,11/22/2025,Pending
1092,28,10/19/2025,Completed
1093,26,9/14/2025,Completed
1094,89,12/11/2025,Completed
1095,36,9/24/2025,Completed
1096,10,11/16/2025,Completed
1097,100,9/17/2025,Completed
1098,54,11/30/2025,Pending
1099,96,10/19/2025,Completed
1100,62,10/12/2025,Completed
1101,94,9/22/2025,Cancelled
1102,62,11/16/2025,Completed
1103,4,10/16/2025,Completed
1104,74,10/12/2025,Pending
1105,87,10/11/2025,Cancelled
1106,3,10/18/2025,Completed
1107,62,10/15/2025,Completed
1108,81,12/1/2025,Cancelled
1109,21,11/3/2025,Cancelled
1110,14,11/15/2025,Cancelled
1111,68,9/21/2025,Completed
1112,76,12/5/2025,Completed
1113,90,12/4/2025,Completed
1114,2,11/8/2025,Completed
1115,14,10/15/2025,Pending
1116,67,10/4/2025,Cancelled
1117,32,9/14/2025,Completed
1118,24,9/15/2025,Completed
1119,72,10/4/2025,Completed
1120,88,9/22/2025,Completed
1121,47,11/6/2025,Completed
1122,79,10/14/2025,Completed
1123,73,9/20/2025,Pending
1124,96,9/14/2025,Pending
1125,53,12/8/2025,Cancelled
1126,68,12/4/2025,Completed
1127,50,11/12/2025,Cancelled
1128,92,10/1/2025,Pending
1129,97,11/5/2025,Completed
1130,93,9/30/2025,Completed
1131,55,9/20/2025,Completed
1132,97,12/11/2025,Completed
1133,87,10/3/2025,Pending
1134,37,11/5/2025,Pending
1135,67,9/21/2025,Completed
1136,90,9/23/2025,Completed
1137,4,10/13/2025,Cancelled
1138,33,10/5/2025,Completed
1139,86,10/24/2025,Pending
1140,78,11/24/2025,Completed
1141,28,12/2/2025,Completed
1142,95,12/10/2025,Completed
1143,10,11/29/2025,Cancelled
1144,60,11/2/2025,Completed
1145,90,9/22/2025,Completed
1146,31,10/20/2025,Pending
1147,16,10/7/2025,Completed
1148,26,10/18/2025,Completed
1149,58,9/26/2025,Completed
1150,20,10/22/2025,Completed
1151,12,9/21/2025,Completed
1152,5,9/28/2025,Completed
1153,94,11/10/2025,Completed
1154,96,11/26/2025,Cancelled
1155,74,9/27/2025,Pending
1156,47,10/26/2025,Pending
1157,26,11/9/2025,Completed
1158,40,9/16/2025,Completed
1159,96,10/1/2025,Cancelled
1160,2,10/13/2025,Pending
1161,72,12/6/2025,Completed
1162,16,11/2/2025,Pending
1163,78,9/30/2025,Completed
1164,82,11/2/2025,Completed
1165,83,11/3/2025,Pending
1166,19,11/21/2025,Completed
1167,83,10/23/2025,Pending
1168,68,10/7/2025,Cancelled
1169,79,9/26/2025,Completed
1170,55,12/8/2025,Completed
1171,50,11/10/2025,Cancelled
1172,51,10/28/2025,Cancelled
1173,55,10/1/2025,Cancelled
1174,64,9/17/2025,Completed
1175,82,11/20/2025,Completed
1176,44,10/25/2025,Completed
1177,82,9/26/2025,Completed
1178,63,12/5/2025,Completed
1179,14,11/6/2025,Completed
1180,76,10/28/2025,Completed
1181,24,10/5/2025,Completed
1182,12,11/7/2025,Completed
1183,39,11/27/2025,Pending
1184,85,10/4/2025,Completed
1185,45,12/1/2025,Pending
1186,69,11/30/2025,Completed
1187,87,11/19/2025,Completed
1188,50,10/9/2025,Completed
1189,89,11/24/2025,Pending
1190,47,9/30/2025,Completed
1191,51,10/30/2025,Cancelled
1192,30,10/4/2025,Pending
1193,38,11/27/2025,Completed
1194,59,11/20/2025,Completed
1195,78,9/23/2025,Cancelled
1196,62,11/2/2025,Cancelled
1197,39,12/9/2025,Completed
1198,5,10/2/2025,Completed
1199,89,11/29/2025,Pending
1200,63,9/20/2025,Completed
